id;user_id;datetimes;order_date;inbody_image
1;1280;2021-03-13T07:07:44;2021-03-12T23:55:15;protocol proactive Cheese
2;76889;2021-03-13T09:33:00;2021-03-12T19:52:45;Tala Indiana
3;13219;2021-03-12T19:31:12;2021-03-13T07:34:15;Centers
4;19130;2021-03-13T10:28:17;2021-03-13T13:57:26;frame user-centric
5;63086;2021-03-13T11:45:45;2021-03-13T09:11:32;bypass Right-sized Soft
6;83656;2021-03-12T18:19:26;2021-03-13T04:01:49;Tools application
7;96770;2021-03-12T21:04:57;2021-03-13T15:07:40;Orchestrator
8;37897;2021-03-13T10:43:52;2021-03-12T16:45:14;azure Investment Account sexy
9;27911;2021-03-12T18:01:44;2021-03-13T06:08:29;copy
10;19618;2021-03-12T16:35:31;2021-03-12T19:41:00;multi-byte monitor
